Last Updated (UTC),Ticker,Name,Price,Currency,Last Dividend,Last Dividend Date,Frequency,Current Yield (%),Median Annualized Yield %,Mean Annualized Yield %,Std Dev %,Valuation
2026-10-01T18:42:14.972040Z,MSTE.TO,HARVEST STRAT INC ENH HIGH INCM,2.82,CAD,0.09,2026-09-29,Monthly,38.298,46.8362,47.23484,4.224175599214599,Overpriced
2026-10-01T18:41:44.043887Z,CNYE.TO,HARVEST COINBASE ENHD HGH INCME,4.945,CAD,0.15,2026-09-29,Monthly,36.4,39.5062,38.64946,10.407929739290136,Fair Price
2026-10-01T18:42:26.769958Z,TSLY.TO,HARVEST TESLA ENHD HIGH INCOME ,5.845,CAD,0.15,2026-09-29,Monthly,30.796,45.3073,45.52043333333334,5.238570924848366,Overpriced
2026-10-01T18:42:15.417938Z,MSTY.TO,HARVEST STRATEGY INC HI INCOME ,3.17,CAD,0.08,2026-09-29,Monthly,30.284,40.94305,41.82966666666667,7.447682944289898,Overpriced
2026-10-01T18:41:44.585244Z,CONY.TO,HARVEST COINBASE HIGH INCOME SH,5.41,CAD,0.13,2026-09-29,Monthly,28.835,34.58325,34.2661,7.543914028672387,Fair Price
2026-10-01T18:42:01.115887Z,HHIS.TO,HARVEST DIVERSIFIED HIGH INCOME,11.665,CAD,0.27,2026-09-29,Monthly,27.775,26.28185,26.32135,2.3472797470689337,Fair Price
2026-10-01T18:42:20.903826Z,PLTE.TO,HARVEST PALANTIR ENHD HIGH INCM,21.36,CAD,0.45,2026-09-29,Monthly,25.281,30.98725,31.35193333333333,3.622440532385129,Overpriced
2026-10-01T18:42:28.658868Z,UTES.TO,EVOLVE CAD UTIL ENH YIELD IDX F,7.73,CAD,0.138,2026-09-29,Monthly,21.423,17.9415,17.696036363636363,0.6648987145012808,Underpriced
2026-10-01T18:42:16.343159Z,NVHE.TO,HARVEST NVIDIA ENHANCED HI SHS ,14.51,CAD,0.25,2026-09-29,Monthly,20.675,24.6729,24.8862,3.6521240088474536,Overpriced
2026-10-01T18:42:09.790668Z,LLHE.TO,HARVEST ELI LILLY ENHANCED HI S,9.84,CAD,0.165,2026-09-29,Monthly,20.122,21.7523,22.671536363636363,3.182633099580511,Fair Price
2026-10-01T18:42:11.006882Z,METE.TO,HARVEST META ENHD HIGH INCOME S,9.57,CAD,0.15,2026-09-29,Monthly,18.809,19.92705,20.180866666666667,2.691662633144552,Fair Price
2026-10-01T18:42:24.090242Z,RS.TO,REAL ESTATE SPLIT CORP,8.7,CAD,0.13,2026-09-29,Monthly,17.931,10.8977,10.93842777777778,3.0837372725631105,Underpriced
2026-10-01T18:41:36.260914Z,AMHE.TO,HARVEST AMAZON ENHANCED HIGH IN,13.43,CAD,0.2,2026-09-29,Monthly,17.87,14.5565,14.332745454545456,1.571797329405822,Underpriced
2026-10-01T18:41:52.113698Z,ETHY.TO,PURPOSE ETHER YIELD ETF,1.68,CAD,0.024,2026-09-28,Monthly,17.143,13.0838,14.806752173913043,5.90824962749315,Fair Price
2026-10-01T18:41:37.210173Z,BANK.TO,EVOLVE CDN BANKS LIFECOS ENH YL,10.94,CAD,0.152,2026-09-29,Monthly,16.673,15.8807,14.132942857142858,2.925219345800463,Fair Price
2026-10-01T18:42:14.557447Z,MSHE.TO,HARVEST MICROSOFT ENHANCED HI S,10.1,CAD,0.14,2026-09-29,Monthly,16.634,16.1889,16.62823636363636,1.332340753916,Fair Price
2026-10-01T18:41:39.003287Z,BK.TO,CANADIAN BANC CORP,15.3,CAD,0.207,2026-09-29,Monthly,16.235,14.74245,13.696645,2.525302710663229,Fair Price
2026-10-01T18:42:15.909375Z,NVDH.TO,HARVEST NVIDIA HIGH INCOME SHAR,14.87,CAD,0.2,2026-09-29,Monthly,16.14,19.2171,19.38809090909091,2.1591250331810548,Overpriced
2026-10-01T18:41:45.725014Z,DGS.TO,DIVIDEND GROWTH SPLIT CORP. CLA,7.5,CAD,0.1,2026-09-29,Monthly,16.0,17.93785,17.51666666666667,3.7487780470679857,Fair Price
2026-10-01T18:42:10.206159Z,LLYH.TO,HARVEST ELI LILLY HI SHS ETF,10.6,CAD,0.14,2026-09-29,Monthly,15.849,18.2163,18.85230909090909,1.947582948916193,Overpriced
2026-10-01T18:41:41.497274Z,BOND.TO,EVOLVE ENHANCED YIELD BOND FUND,14.39,CAD,0.19,2026-09-29,Monthly,15.844,11.40575,11.517168181818182,0.8337980772952768,Underpriced
2026-10-01T18:41:48.924739Z,ENCL.TO,GLOBAL X ENH CDN OIL GAS EQTY C,22.23,CAD,0.27,2026-09-29,Monthly,14.575,17.446550000000002,17.587504545454546,0.6395777397755879,Overpriced
2026-10-01T18:41:45.184873Z,DFN.TO,DIVIDEND 15 SPLIT CORP,8.31,CAD,0.1,2026-09-29,Monthly,14.44,16.38245,17.046842592592593,3.751879923984868,Fair Price
2026-10-01T18:41:36.740031Z,AMZH.TO,HARVEST AMAZON HIGH INCOME SHS ,13.37,CAD,0.16,2026-09-29,Monthly,14.361,12.943,12.76378181818182,1.1252637227051994,Underpriced
2026-10-01T18:41:54.272543Z,FTN.TO,FINANCIAL 15 SPLIT CORP,10.76,CAD,0.126,2026-09-29,Monthly,14.052,16.3814,16.140142857142855,3.0638413375047016,Fair Price
2026-10-01T18:42:27.189899Z,UMAX.TO,HAMILTON UTILITIES YIELD MAXIMI,11.95,CAD,0.138,2026-09-29,Monthly,13.858,14.2992,14.209883333333332,0.3614450835269407,Overpriced
2026-10-01T18:42:22.734240Z,QQCL.TO,GLOBAL X ENHNCD NASDAQ 100 CVRD,28.0,CAD,0.315,2026-09-29,Monthly,13.5,13.84275,14.076686363636362,1.1503890775755798,Fair Price
2026-10-01T18:42:14.149686Z,MSFH.TO,HARVEST MICROSOFT HIGH INCOME S,10.67,CAD,0.12,2026-09-29,Monthly,13.496,14.0821,14.320709090909093,0.8293472366319741,Fair Price
2026-10-01T18:42:01.552559Z,HHLE.TO,HARVEST HEALTHCARE LDRS ENH INC,8.37,CAD,0.093,2026-09-29,Monthly,13.333,10.8119,11.051460606060605,0.9030868988292992,Underpriced
2026-10-01T18:42:09.315266Z,LIFE.TO,EVOLVE GLBL HEALTHCARE ENHANCE ,17.38,CAD,0.19,2026-09-29,Monthly,13.119,8.9054,9.15007868852459,3.1529405333812206,Underpriced
2026-10-01T18:42:23.190651Z,QQQY.TO,EVOLVE NASDAQ TECH ENH YLD INDX,30.67,CAD,0.32,2026-09-29,Monthly,12.52,15.0411,17.62683913043478,11.53213004746222,Fair Price
2026-10-01T18:41:53.695687Z,FMAX.TO,HAMILTON US FINANCIALS YLD MAXI,16.78,CAD,0.174,2026-09-29,Monthly,12.443,11.1305,10.88705,0.7327588731475525,Underpriced
2026-10-01T18:42:06.661386Z,HYLD.TO,HAMILTON ENHANCED US COVERED CA,15.92,CAD,0.165,2026-09-29,Monthly,12.437,12.6032,12.619668292682926,1.069787644217072,Fair Price
2026-10-01T18:42:10.581045Z,LMAX.TO,HAMILTON HEALTHCARE YIELD MAXIM,13.86,CAD,0.142,2026-09-29,Monthly,12.294,11.95085,12.113344444444444,0.7173312724112105,Fair Price
2026-10-01T18:41:55.387895Z,GLCC.TO,GLOBAL X GOLD PROD EQUTY CVRD C,51.48,CAD,0.525,2026-09-29,Monthly,12.238,9.2944,9.064681666666669,2.202715096135436,Underpriced
2026-10-01T18:42:27.996851Z,USCL.TO,GLOBAL X ENHANCED SP 500 CVRD C,24.99,CAD,0.25,2026-09-29,Monthly,12.005,13.2057,13.272052,0.8572920015568407,Overpriced
2026-10-01T18:42:17.363039Z,PDIV.TO,PURPOSE ENHANCED DIVIDEND FUND ,9.51,CAD,0.095,2026-09-28,Monthly,11.987,9.68175,9.727445,6.469857519884167,Fair Price
2026-10-01T18:42:02.906710Z,HMAX.TO,HAMILTON CDN FINANCIAL YLD MAXI,17.05,CAD,0.17,2026-09-29,Monthly,11.965,14.7429,14.71436,0.7684516396512908,Overpriced
2026-10-01T18:41:40.126976Z,BKCL.TO,GLOBAL X ENHNC EQL WGHT CDN BNK,25.79,CAD,0.255,2026-09-29,Monthly,11.865,15.5887,15.642404,0.8122746607931746,Overpriced
2026-10-01T18:41:37.770253Z,BASE.TO,EVOLVE GLOB MATLS MINING ENH YL,27.41,CAD,0.27,2026-09-29,Monthly,11.821,9.07375,8.36758,2.009684129898552,Underpriced
2026-10-01T18:42:26.321901Z,TRVI.TO,HARVEST TRAVEL AND LEISURE INCO,18.39,CAD,0.18,2026-09-29,Monthly,11.746,9.6337,9.702066666666669,0.6553026282683333,Underpriced
2026-10-01T18:42:19.379838Z,PIC-A.TO,PREMIUM INCOME A,9.3,CAD,0.09,2026-09-15,Monthly,11.613,15.1555,16.413515384615383,8.97121458058795,Fair Price
2026-10-01T18:42:21.420872Z,PWI.TO,POWER INFRASTRUCTURE SPLIT CORP,10.36,CAD,0.1,2026-09-29,Monthly,11.583,10.09435,9.993189583333333,1.843168704512269,Fair Price
2026-10-01T18:41:58.571939Z,HDIF.TO,HARVEST DIVERSIFIED MONTHLY INC,9.33,CAD,0.09,2026-09-29,Monthly,11.576,10.4668,10.43570731707317,0.6579604780646946,Underpriced
2026-10-01T18:41:49.488893Z,ENCC.TO,GLOBAL X CDN OIL GAS EQTY CVRD ,12.5,CAD,0.12,2026-09-29,Monthly,11.52,,,,Unknown
2026-10-01T18:41:42.714826Z,CALL.TO,EVOLVE US BANKS ENHANCED YIELD ,13.03,CAD,0.125,2026-09-29,Monthly,11.512,10.5424,10.73852786885246,3.404761265107592,Fair Price
2026-10-01T18:42:08.803935Z,LEAD.TO,EVOLVE FUTURE LEADERSHIP ETF HE,22.02,CAD,0.21,2026-09-29,Monthly,11.444,7.1836,7.428806779661017,2.597555806633215,Underpriced
2026-10-01T18:42:23.632313Z,RMAX.TO,HAMILTON REITS YIELD MAXIMIZER ,15.24,CAD,0.145,2026-09-29,Monthly,11.417,9.7725,9.71126153846154,0.5272621573412053,Underpriced
2026-10-01T18:41:51.181965Z,EQCL.TO,GLOBAL X ENH EQTY ASSET ALLOC C,25.35,CAD,0.235,2026-09-29,Monthly,11.124,11.6154,11.660713636363637,0.4942759344020344,Fair Price
2026-10-01T18:42:17.981835Z,PDV.TO,PRIME DIVIDEND CORP. CL A,14.52,CAD,0.133,2026-09-29,Monthly,10.992,9.6623,9.392694444444444,1.5971470932621463,Fair Price
2026-10-01T18:41:54.794341Z,GDV.TO,GLOBAL DIVIDEND GROWTH SPLIT CO,11.03,CAD,0.1,2026-09-29,Monthly,10.879,11.194,11.101737288135594,1.397980975266227,Fair Price
2026-10-01T18:42:05.738456Z,HUTE.TO,HARVEST UTILITIES LEADERS ENH I,10.52,CAD,0.095,2026-09-29,Monthly,10.837,10.1392,10.178721212121213,0.5590644712137273,Underpriced
2026-10-01T18:41:50.708893Z,ENS.TO,E SPLIT CORP,15.64,CAD,0.14,2026-09-29,Monthly,10.742,11.0325,11.274756896551724,2.000627472281219,Fair Price
2026-10-01T18:41:40.560777Z,BMAX.TO,BROMPTON ENHANCED MULTI ASSET I,14.58,CAD,0.13,2026-09-29,Monthly,10.7,9.7544,9.788661764705882,0.3352356593228708,Underpriced
2026-10-01T18:41:35.562736Z,AMAX.TO,HAMILTON GOLD PRODUCER YLD MAXI,33.17,CAD,0.295,2026-09-29,Monthly,10.672,9.96615,9.996988888888888,0.7544753236434761,Fair Price
2026-10-01T18:41:46.733467Z,EBNK.TO,EVOLVE EUROPEAN BANKS ENHANCED ,16.39,CAD,0.145,2026-09-29,Monthly,10.616,8.49155,10.242778571428572,3.3335369556085124,Fair Price
2026-10-01T18:41:51.657739Z,ESPX.TO,EVOLVE SP 500 ENHANCED YIELD FU,25.71,CAD,0.225,2026-09-29,Monthly,10.502,8.5833,8.873116129032258,1.3755472104091946,Underpriced
2026-10-01T18:42:25.138710Z,SMAX.TO,HAMILTON US EQUITY YIELD MAXIMI,23.01,CAD,0.201,2026-09-29,Monthly,10.482,11.1387,11.05609523809524,0.500819197391824,Overpriced
2026-10-01T18:41:41.057822Z,BNK.TO,BIG BANC SPLIT CORP,13.81,CAD,0.12,2026-09-29,Monthly,10.427,7.4227,28.530309836065573,112.75062885978318,Fair Price
2026-10-01T18:41:56.548725Z,HBIE.TO,HARVEST BALANCED INCOME AND GRT,23.02,CAD,0.2,2026-09-29,Monthly,10.426,10.00215,9.98656875,0.3209027614273,Underpriced
2026-10-01T18:42:22.299995Z,QMAX.TO,HAMILTON TECHNOLOGY YIELD MAXIM,26.96,CAD,0.232,2026-09-29,Monthly,10.326,11.9227,11.95092380952381,0.5732890561529689,Overpriced
2026-10-01T18:41:57.597563Z,HBND.TO,HAMILTON US BOND YLD MAXIMIZER ,10.85,CAD,0.093,2026-09-29,Monthly,10.286,10.6449,10.724463636363636,0.6049367653261706,Fair Price
2026-10-01T18:42:04.384546Z,HPYT.TO,HARVEST PREMIUM YIELD TREASURY ,7.08,CAD,0.06,2026-09-29,Monthly,10.169,16.658949999999997,17.011136363636364,1.441049077365729,Overpriced
2026-10-01T18:41:59.114324Z,HDIV.TO,HAMILTON ENHANCED CDN COVERED C,23.06,CAD,0.195,2026-09-29,Monthly,10.147,10.6683,10.99083673469388,3.821344571923925,Fair Price
2026-10-01T18:42:07.114887Z,IS.TO,INFRASTRUCTURE DIVIDEND SPLIT C,18.0,CAD,0.15,2026-09-29,Monthly,10.0,11.32095,11.75174375,2.3576771257514597,Fair Price
2026-10-01T18:41:47.823345Z,EMAX.TO,HAMILTON ENERGY YIELD MAXIMIZER,17.62,CAD,0.146,2026-09-29,Monthly,9.943,12.96315,12.802066666666668,1.2647683587030762,Overpriced
2026-10-01T18:42:07.678335Z,LBS.TO,LIFE & BANC SPLIT CORP.,12.18,CAD,0.1,2026-09-29,Monthly,9.852,13.8408,13.90832105263158,1.7104037873029578,Overpriced
2026-10-01T18:42:04.786739Z,HTAE.TO,HARVEST TECH LEADERS ENHANCED I,21.35,CAD,0.175,2026-09-29,Monthly,9.836,10.8761,11.06079090909091,1.291368932655294,Fair Price
2026-10-01T18:42:24.709689Z,SBC.TO,"BROMPTON SPLIT BANC CORP., CL A",12.28,CAD,0.1,2026-09-29,Monthly,9.772,11.2942,11.229588333333334,2.0722820514372646,Fair Price
2026-10-01T18:41:42.105321Z,BTCY.TO,PURPOSE BITCOIN YIELD ETF,5.35,CAD,0.043,2026-09-28,Monthly,9.645,11.8275,12.297266666666664,3.841483104514808,Fair Price
2026-10-01T18:41:39.656876Z,BKCC.TO,GLOBAL X EQL WT CDN BANK CVRD C,18.47,CAD,0.145,2026-09-29,Monthly,9.421,7.93,9.31854,3.052137212756254,Fair Price
2026-10-01T18:41:52.578329Z,ETSX.TO,EVOLVE SP TSX60 ENHANCED YIELD ,24.05,CAD,0.188,2026-09-29,Monthly,9.38,9.816,9.886435483870969,0.5816432758706933,Fair Price
2026-10-01T18:41:38.371103Z,BEPR.TO,BROMPTON FLAHERTY CRUMINE ENHAN,8.0,CAD,0.06,2026-09-29,Monthly,9.0,9.0843,8.563816666666666,1.1556020066111066,Fair Price
2026-10-01T18:42:16.853279Z,PAYF.TO,PURPOSE ENHANCED PREMIUM YIELD ,18.61,CAD,0.138,2026-09-28,Monthly,8.898,8.6183,8.245289830508474,0.7825631336644088,Fair Price
2026-10-01T18:42:05.335802Z,HUBL.TO,HARVEST US BANK LEADERS INCOME ,13.56,CAD,0.1,2026-09-29,Monthly,8.85,8.25415,7.81307,1.471076015768557,Fair Price
2026-10-01T18:41:43.643266Z,CNCL.TO,GLOBAL X ENHANCED SP TSX 60 CVC,23.55,CAD,0.17,2026-09-29,Monthly,8.662,12.2802,11.881092,0.9810952569789892,Overpriced
2026-10-01T18:41:56.043348Z,HBF.TO,HARVEST US EQUITY LEADERS INCOM,10.63,CAD,0.075,2026-09-29,Monthly,8.467,7.5098,7.176185,0.7668427016626157,Underpriced
2026-10-01T18:41:53.181739Z,FLX.TO,PURPOSE GLBL FLEXIBLE CREDIT FN,6.57,CAD,0.046,2026-09-28,Monthly,8.402,7.656,9.66445238095238,7.304267221263132,Fair Price
2026-10-01T18:42:00.522174Z,HGY.TO,GLOBAL X GOLD YIELD ETF,13.98,CAD,0.095,2026-09-29,Monthly,8.155,6.08775,5.994065,0.4511564694656148,Underpriced
2026-10-01T18:42:08.364366Z,LCS.TO,"BROMPTON LIFECO SPLIT CORP, CLA",11.38,CAD,0.075,2026-09-29,Monthly,7.909,13.57485,13.216045652173912,2.8669311476991117,Overpriced
2026-10-01T18:42:01.933572Z,HIND.TO,HARVEST INDUSTRIAL LEADERS INCO,13.03,CAD,0.085,2026-09-29,Monthly,7.828,7.0946,7.10648,0.2675724740273986,Underpriced
2026-10-01T18:42:03.460913Z,HPF.TO,HARVEST ENERGY LEADERS INCOME E,4.01,CAD,0.025,2026-09-29,Monthly,7.481,8.5776,8.323841666666667,3.309727633440024,Fair Price
2026-10-01T18:41:59.977818Z,HGR.TO,HARVEST REIT LEADERS INCOME ETF,4.83,CAD,0.03,2026-09-29,Monthly,7.453,8.39545,7.857236666666666,1.4621769634798227,Fair Price
2026-10-01T18:42:13.712560Z,MREL.TO,MIDDLEFIELD REAL ESTATE DIVIDEN,12.62,CAD,0.075,2026-09-29,Monthly,7.132,7.20005,7.024983333333334,0.7290815667015278,Fair Price
2026-10-01T18:42:11.613938Z,MFT.TO,MACKENZIE FLOATING RATE INCOME ,15.73,CAD,0.093,2026-09-01,Monthly,7.095,7.46,7.120627118644068,3.1212637630000795,Fair Price
2026-10-01T18:42:02.419137Z,HLIF.TO,HARVEST CDN DIVIDEND LEADERS IN,12.31,CAD,0.07,2026-09-29,Monthly,6.824,7.6736,7.641816216216217,0.3755412852829255,Overpriced
2026-10-01T18:41:49.959025Z,STPL.TO,BMO GLB CONSUMER STAPLES HGD TO,24.12,CAD,0.136,2026-09-29,Monthly,6.766,,,,Unknown
2026-10-01T18:42:21.883500Z,PYF-U.TO,PURPOSE PREMIUM YIELD FUND NH U,18.93,USD,0.105,2026-09-28,Monthly,6.656,7.2838,7.3122421052631585,0.1364817786608631,Overpriced
2026-10-01T18:42:06.184712Z,HUTS.TO,HAMILTON ENHANCED UTILITIES ETF,13.91,CAD,0.073,2026-09-29,Monthly,6.298,7.1811,7.311165714285715,0.6056407656566806,Overpriced
2026-10-01T18:42:03.947934Z,HPYM.TO,HARVEST PREM YLD 7 10 YR TREASU,9.57,CAD,0.05,2026-09-29,Monthly,6.27,8.51655,8.556272222222223,0.2497860491690396,Overpriced
2026-10-01T18:41:56.954277Z,HBIL.TO,HAM US T BILL YLD MAX CDN HG ET,14.19,CAD,0.053,2026-09-29,Monthly,4.482,7.5048,7.532736363636364,0.1578051220507573,Overpriced
2026-10-01T18:42:30.145144Z,ZFH.TO,BMO FLOATING RATE HIGH YIELD ET,14.94,CAD,0.055,2026-09-29,Monthly,4.418,5.0518,5.987511666666666,1.6854417560130723,Fair Price
2026-10-01T18:41:58.058243Z,HCAL.TO,HAMILTON ENHANCED CANADIAN BANK,47.09,CAD,0.14,2026-09-29,Monthly,3.568,6.8188,7.194638983050847,3.339627640353448,Fair Price
2026-10-01T18:41:59.559335Z,HFIN.TO,HAMILTON ENHANCED CDN FINANCIAL,31.075,CAD,0.085,2026-09-29,Monthly,3.282,5.9343,5.86787619047619,0.9349405581234338,Overpriced
2026-10-01T18:41:43.199241Z,CASH.TO,GLOBAL X HIGH INTEREST SAVINGS ,50.01,CAD,0.087,2026-09-29,Monthly,2.088,4.152,3.5642444444444443,1.545279527016443,Overpriced
2026-10-01T18:41:46.196213Z,EACL.NE,GLOBAL X ENHANCED MSCI EAFE COV,22.24,CAD,0.215,2026-09-29,Unknown,,,,,Unknown
2026-10-01T18:41:47.365346Z,EIT-UN.TO,CANOE EIT INCOME FUND UNITS,16.895,CAD,0.1,2026-09-22,Unknown,,,,,Unknown
2026-10-01T18:41:48.483308Z,EMCL.NE,GLOBAL X ENHANCED MSCI EMERGING,25.66,CAD,0.26,2026-09-29,Unknown,,,,,Unknown
2026-10-01T18:42:12.344182Z,MID-UN.TO,MINT INCOME FUND,8.08,CAD,0.04,2026-09-29,Unknown,,,,,Unknown
2026-10-01T18:42:18.668065Z,PGI-UN.TO,PIMCO GLOBAL INC OPPORTUNITIES ,6.68,CAD,0.057,2026-09-29,Unknown,,,,,Unknown
2026-10-01T18:42:20.385264Z,PIC-PRA.TO,,,,,,Unknown,,,,,Unknown
2026-10-01T18:42:25.782184Z,SSF-UN.TO,,,,,,Unknown,,,,,Unknown
2026-10-01T18:42:29.115066Z,YNVD.NE,NVIDIA (NVDA) YIELD SHARES PURP,49.14,CAD,0.75,2026-09-28,Unknown,,,,,Unknown
2026-10-01T18:42:29.622676Z,YTSL.NE,TESLA (TSLA) YIELD SHARES PURPO,15.34,CAD,0.4,2026-09-28,Unknown,,,,,Unknown
